{
  "images" : [
    {
      "size" : "16x16",
      "idiom" : "mac",
      "filename" : "Icon-16.png",
      "scale" : "1x"
    },
    {
      "size" : "16x16",
      "idiom" : "mac",
      "filename" : "Icon-32.png",
      "scale" : "2x"
    },
    {
      "size" : "32x32",
      "idiom" : "mac",
      "filename" : "Icon-32-1.png",
      "scale" : "1x"
    },
    {
      "size" : "32x32",
      "idiom" : "mac",
      "filename" : "Icon-64.png",
      "scale" : "2x"
    },
    {
      "size" : "128x128",
      "idiom" : "mac",
      "filename" : "Icon-128.png",
      "scale" : "1x"
    },
    {
      "size" : "128x128",
      "idiom" : "mac",
      "filename" : "Icon-256.png",
      "scale" : "2x"
    },
    {
      "size" : "256x256",
      "idiom" : "mac",
      "filename" : "Icon-256-1.png",
      "scale" : "1x"
    },
    {
      "size" : "256x256",
      "idiom" : "mac",
      "filename" : "Icon-512.png",
      "scale" : "2x"
    },
    {
      "size" : "512x512",
      "idiom" : "mac",
      "filename" : "Icon-512-1.png",
      "scale" : "1x"
    },
    {
      "size" : "512x512",
      "idiom" : "mac",
      "filename" : "Icon512-2.png",
      "scale" : "2x"
    }
  ],
  "info" : {
    "version" : 1,
    "author" : "xcode"
  }
}